{
    "sample_id": "signal_filtered.csv",
    "signal_type": "temporal",
    "nb_samples": 5000,
    "sampling_frequency_hz": 44100.0,
    "spectral_centroid": 2.212335179506807e-13,
    "mean": 0.8499999999999999,
    "std_dev": 1.1102230246251565e-16,
    "kurtosis": NaN,
    "skewness": NaN,
    "rms": 0.85,
    "peak_index_0": 50,
    "peak_amplitude_0": 5.971292372263508e-30,
    "fft_magnitude_0": 5.971292372263508e-30,
    "fft_frequency_0": 441.0,
    "peak_index_1": 75,
    "peak_amplitude_1": 3.981680285070602e-30,
    "fft_magnitude_1": 3.981680285070602e-30,
    "fft_frequency_1": 661.5,
    "peak_index_2": 175,
    "peak_amplitude_2": 1.709245032163327e-30,
    "fft_magnitude_2": 1.709245032163327e-30,
    "fft_frequency_2": 1543.5
}