time_seconds,sample_value,amplitude_normalized,max_amplitude,dominant_frequency_hz
0.0,0.0012,0.12,0.85,440.0
0.0000227,-0.0008,-0.08,0.85,440.0
0.0000454,0.0021,0.21,0.85,440.0
0.0000681,-0.0015,-0.15,0.85,440.0
0.0000909,0.0009,0.09,0.85,440.0
