sample_id,fft_magnitude_0,fft_magnitude_1,fft_magnitude_2,fft_frequency_0,fft_frequency_1,fft_frequency_2,spectral_centroid,mean,std_dev,kurtosis,skewness,rms,peak_index_0,peak_index_1,peak_index_2,peak_amplitude_0,peak_amplitude_1,peak_amplitude_2
image_06,382.0637,185.3862,246.5266,801.23,2807.4,7369.68,4639.3418,-0.001301,0.222792,5.3762,0.097,0.246485,446,1899,6399,212.156,233.9286,210.5911
image_07,324.0496,221.9785,191.6751,740.84,2964.25,7679.68,4749.9108,-0.001579,0.255984,6.138,0.2019,0.245185,156,1980,6233,327.4667,239.1639,194.1065
image_08,373.8832,223.3793,221.8839,775.74,3112.93,7879.02,5077.7914,0.002941,0.272219,5.8231,0.1823,0.207589,294,2032,6155,326.7821,207.2712,263.2336
image_09,259.6991,195.3615,246.3244,895.0,3449.65,7502.68,4491.4273,-0.002192,0.223032,5.0551,0.2263,0.214118,156,2009,6193,274.6324,207.1112,198.5291
image_10,322.2483,227.1876,181.1585,827.85,2620.77,5874.03,3997.089,-0.00014,0.232436,7.4229,0.2086,0.213602,253,1927,6141,287.0104,252.9087,161.0469
