sample_id,fft_magnitude_0,fft_magnitude_1,fft_magnitude_2,fft_frequency_0,fft_frequency_1,fft_frequency_2,spectral_centroid,mean,std_dev,kurtosis,skewness,rms,peak_index_0,peak_index_1,peak_index_2,peak_amplitude_0,peak_amplitude_1,peak_amplitude_2
image_01,341.2834,211.4279,157.1643,857.9,3110.61,7571.2,4831.2663,0.000282,0.186128,4.1337,0.013,0.254256,281,1898,6164,317.3393,204.6457,195.3804
image_02,312.9104,198.5663,214.3115,867.29,3633.22,7843.04,3535.6314,-0.002313,0.240601,6.3652,0.1573,0.374109,324,2184,6258,329.3126,227.3892,216.5639
image_03,271.3587,239.3432,180.5855,809.82,4125.86,5506.19,4980.3821,-0.004338,0.201123,6.9978,0.0896,0.17689,170,2129,6056,309.7406,241.8229,167.194
image_04,417.1972,278.5264,118.9943,822.37,2935.29,7681.95,3945.2355,0.000156,0.240199,6.7523,-0.1,0.20662,199,1969,6355,318.2242,189.5646,222.1252
image_05,416.1078,296.4609,139.2252,741.89,3706.76,6433.86,4810.6736,0.002824,0.182923,5.7345,-0.4062,0.179024,225,1898,6339,235.6436,222.3982,194.5759
